{"cameraMode":{"drawMode":0,"name":"Shaded","section":"Shading Mode"},"sceneLighting":true,"audioPlay":false,"sceneViewState":{"showFog":true,"showMaterialUpdate":true,"showSkybox":true,"showFlares":true,"showImageEffects":true,"showParticleSystems":true},"in2DMode":false,"pivot":{"x":-1.6776752471923829,"y":-0.16831088066101075,"z":3.0334291458129885},"rotation":{"x":-0.13549306988716126,"y":0.3029874861240387,"z":-0.043566036969423297,"w":-0.9423073530197144},"size":8.073968887329102,"orthographic":false}